,Model,n_clusters,random_state,n_init,init,R2,Silhouette,Calinski-Harabasz
0,kmeans,3,42,20,k-means++,0.789246672818959,0.5767347765715504,57759.21178110968
1,kmeans,4,42,20,k-means++,0.8669223726839695,0.5460606460238365,66981.17494061169
2,kmeans,5,42,20,k-means++,0.9057473525230096,0.5128241983516139,74103.42795779966
3,kmeans,6,42,20,k-means++,0.9288432969588309,0.4663749922345495,80524.36784436932
