,Model,n_clusters,random_state,n_init,init,R2,Silhouette,Calinski-Harabasz
0,kmeans,3,42,20,k-means++,0.2849344464691619,0.5452088228408727,6340.704508911881
1,kmeans,4,42,20,k-means++,0.3480917253563042,0.3939480642870509,5664.227877147091
2,kmeans,5,42,20,k-means++,0.3951350725608717,0.4027931849154669,5197.186530281214
3,kmeans,6,42,20,k-means++,0.4292318957099213,0.3982275095365979,4786.188044712216
