,Model,n_clusters,random_state,R2,Silhouette,Calinski-Harabasz
0,kmeans,2,42,0.166850862256872,0.41889490381174915,6177.783983362104
1,kmeans,3,42,0.28289991496670264,0.17524556170499692,6084.655307615817
2,kmeans,4,42,0.31977148705877384,0.17015675524628832,4833.508692134077
3,kmeans,5,42,0.3482609143548975,0.16526861697610384,4120.555349479202
4,kmeans,6,42,0.3734530541582464,0.0988327872689742,3676.910749914583
5,kmeans,7,42,0.38686546849201014,0.11348350276686567,3243.467523990824
